{"cameraMode":{"drawMode":0,"name":"Shaded","section":"Shading Mode"},"sceneLighting":true,"audioPlay":false,"sceneViewState":{"showFog":true,"showMaterialUpdate":false,"showSkybox":true,"showFlares":true,"showImageEffects":true,"showParticleSystems":true},"in2DMode":false,"pivot":{"x":-350.6418151855469,"y":178.89456176757813,"z":-96.93289947509766},"rotation":{"x":0.08624812960624695,"y":0.43430739641189577,"z":-0.041821785271167758,"w":0.8956513404846191},"size":83.63927459716797,"orthographic":false}