{"cameraMode":{"drawMode":0,"name":"Shaded","section":"Shading Mode"},"sceneLighting":true,"audioPlay":false,"sceneViewState":{"showFog":true,"showMaterialUpdate":false,"showSkybox":true,"showFlares":true,"showImageEffects":true,"showParticleSystems":true},"in2DMode":false,"pivot":{"x":70.07146453857422,"y":29.91530990600586,"z":61.016178131103519},"rotation":{"x":0.10575578361749649,"y":0.10035831481218338,"z":-0.010728148743510247,"w":0.9892593622207642},"size":3.432692766189575,"orthographic":false}