{"cameraMode":{"drawMode":0,"name":"Shaded","section":"Shading Mode"},"sceneLighting":true,"audioPlay":false,"sceneViewState":{"showFog":true,"showMaterialUpdate":false,"showSkybox":true,"showFlares":true,"showImageEffects":true,"showParticleSystems":true},"in2DMode":false,"pivot":{"x":204.15792846679688,"y":18.02585220336914,"z":113.53666687011719},"rotation":{"x":0.05112036317586899,"y":0.7550089955329895,"z":-0.059220388531684878,"w":0.6510730981826782},"size":217.7638397216797,"orthographic":false}