{"cameraMode":{"drawMode":0,"name":"Shaded","section":"Shading Mode"},"sceneLighting":true,"audioPlay":false,"sceneViewState":{"showFog":true,"showMaterialUpdate":false,"showSkybox":true,"showFlares":true,"showImageEffects":true,"showParticleSystems":true},"in2DMode":false,"pivot":{"x":166.28155517578126,"y":10.858705520629883,"z":26.645347595214845},"rotation":{"x":0.012036989443004132,"y":0.8850482106208801,"z":-0.022829368710517885,"w":0.4648408591747284},"size":107.67753601074219,"orthographic":false}